corp_name,stock_code,kind_code
DL,000210,00021
DRB동일,004840,00484
DSR,155660,15566
GS,078930,07893
KG케미칼,001390,00139
KPX케미칼,025000,02500
KTis,058860,05886
LG이노텍,011070,01107
LG헬로비전,037560,03756
LX하우시스,108670,10867
LX홀딩스,383800,38380
MH에탄올,023150,02315
NAVER,035420,03542
OCI,010060,01006
PI첨단소재,178920,17892
SK스퀘어,402340,40234
SK이노베이션,096770,09677
STX,011810,01181
WISCOM,024070,02407
갤럭시아에스엠,011420,01142
경농,002100,00210
경동인베스트,012320,01232
국도화학,007690,00769
국동,005320,00532
극동유화,014530,01453
노루페인트,090350,09035
녹십자,006280,00628
녹십자홀딩스,005250,00525
대덕전자,353200,35320
대성산업,128820,12882
대우건설,047040,04704
대원강업,000430,00043
덴티움,145720,14572
동화약품,000020,00002
두산퓨얼셀,336260,33626
롯데정보통신,286940,28694
메리츠증권,008560,00856
명문제약,017180,01718
모나리자,012690,01269
모두투어리츠,204210,20421
보령,003850,00385
부국증권,001270,00127
삼성엔지니어링,028050,02805
삼성전자,005930,00593
삼성출판사,068290,06829
삼양식품,003230,00323
삼영화학공업,003720,00372
삼익THK,004380,00438
삼호개발,010960,01096
상상인증권,001290,00129
선진,136490,13649
세기상사,002420,00242
세방전지,004490,00449
신대양제지,016590,01659
신도리코,029530,02953
신세계인터내셔날,031430,03143
신풍제지,002870,00287
신한알파리츠,293940,29394
신한지주,055550,05555
쌍용자동차,003620,00362
에이블씨엔씨,078520,07852
영화금속,012280,01228
오뚜기,007310,00731
우진,105840,10584
윌비스,008600,00860
유나이티드,033270,03327
인지컨트롤스,023800,02380
인터지스,129260,12926
일성건설,013360,01336
일진다이아,081000,08100
자화전자,033240,03324
제일약품,271980,27198
제일파마홀딩스,002620,00262
조비,001550,00155
종근당홀딩스,001630,00163
지역난방공사,071320,07132
진에어,272450,27245
케이씨티시,009070,00907
코람코더원리츠,417310,41731
코람코더원리츠,417310,41731
코오롱글로벌,003070,00307
콘텐트리중앙,036420,03642
콤텍시스템,031820,03182
키다리스튜디오,020120,02012
태양금속공업,004100,00410
토니모리,214420,21442
한국패러랠,168490,16849
한샘,009240,00924
한솔로지스틱스,009180,00918
한일철강,002220,00222
한창제지,009460,00946
한화생명,088350,08835
한화솔루션,009830,00983
현대건설,000720,00072
현대비앤지스틸,004560,00456
현대자동차,005380,00538
현대차증권,001500,00150
호전실업,111110,11111
CJ 바이오사이언스,311690,31169
ES큐브,050120,05012
IBKS제17호스팩,405350,40535
ISC,095340,09534
JW신약,067290,06729
KB오토시스,024120,02412
KH 전자,111870,11187
KH바텍,060720,06072
KT서브마린,060370,06037
SCI평가정보,036120,03612
TJ미디어,032540,03254
감성코퍼레이션,036620,03662
강스템바이오텍,217730,21773
강원에너지,114190,11419
골프존,215000,21500
교보9호스팩,331520,33152
국순당,043650,04365
국일제지,078130,07813
그리티,204020,20402
글로본,019660,01966
까스텔바작,308100,30810
나노브릭,286750,28675
나래나노텍,137080,13708
네오리진,094860,09486
네오티스,085910,08591
네이처셀,007390,00739
넥스턴바이오,089140,08914
농우바이오,054050,05405
뉴인텍,012340,01234
뉴트리,270870,27087
다나와,119860,11986
다보링크,340360,34036
다우데이타,032190,03219
대봉엘에스,078140,07814
대유,290380,29038
대유에이피,290120,29012
대한약품,023910,02391
덕산네오룩스,213420,21342
동구바이오제약,006620,00662
동방선기,099410,09941
드림시큐리티,203650,20365
디모아,016670,01667
디에이피,066900,06690
디엔에이링크,127120,12712
디지틀조선,033130,03313
레몬,294140,29414
룽투코리아,060240,06024
링크제니시스,219420,21942
마인즈랩,377480,37748
메디포스트,078160,07816
메이슨캐피탈,021880,02188
모비스,250060,25006
미래에셋대우스팩3호,328380,32838
미코바이오메드,214610,21461
바이오에프디엔씨,251120,25112
베뉴지,019010,01901
브랜드엑스코퍼레이션,337930,33793
브이씨,365900,36590
비씨엔씨,146320,14632
삼기,122350,12235
삼보판지,023600,02360
삼성스팩4호,377630,37763
샘씨엔에스,252990,25299
선진뷰티사이언스,086710,08671
성도이엔지,037350,03735
성창오토텍,080470,08047
세아메카닉스,396300,39630
셀루메드,049180,04918
셀바스헬스케어,208370,20837
슈피겐코리아,192440,19244
스타플렉스,115570,11557
스톤브릿지벤처스,330730,33073
스페코,013810,01381
시스웍,269620,26962
시티랩스,139050,13905
신영스팩6호,344050,34405
신한제9호스팩,405640,40564
신한제9호스팩,405640,40564
쌍용정보통신,010280,01028
씨씨에스,066790,06679
씨케이에이치,900120,CYM06
아스타,246720,24672
아시아경제,127710,12771
아이비김영,339950,33995
아이센스,099190,09919
아이씨케이,068940,06894
아이에스이커머스,069920,06992
아이윈,090150,09015
아이컴포넌트,059100,05910
아이크래프트,052460,05246
아이티센,124500,12450
알비더블유,361570,36157
알에프세미,096610,09661
알에프텍,061040,06104
알체라,347860,34786
알파홀딩스,117670,11767
애니플러스,310200,31020
앤디포스,238090,23809
앱클론,174900,17490
어보브반도체,102120,10212
에디슨INNO,056090,05609
에스아이리소스,065420,06542
에스앤더블류,103230,10323
에스에너지,095910,09591
에스에이티이엔지,351320,35132
에스에프에이,056190,05619
에쎈테크,043340,04334
에이디엠코리아,187660,18766
에이디테크놀로지,200710,20071
에이스토리,241840,24184
에이치엔티,176440,17644
에이텍,045660,04566
에이텍티앤,224110,22411
에이티넘인베스트,021080,02108
엑세스바이오,950130,USA09
엑시콘,092870,09287
엔바이오니아,317870,31787
엘아이에스,138690,13869
엠게임,058630,05863
엠피대산,065150,06515
영화테크,265560,26556
예스티,122640,12264
오디텍,080520,08052
오이솔루션,138080,13808
오픈베이스,049480,04948
옵티시스,109080,10908
옵티팜,153710,15371
원준,382840,38284
웨이버스,336060,33606
웨이브일렉트로,095270,09527
웰크론,065950,06595
유니온커뮤니티,203450,20345
유니테스트,086390,08639
유니테크노,241690,24169
유성티엔에스,024800,02480
유신,054930,05493
유안타제7호스팩,367460,36746
유티아이,179900,17990
이랜텍,054210,05421
이베스트스팩5호,349720,34972
이스트소프트,047560,04756
이엔코퍼레이션,066980,06698
이엠넷,123570,12357
인성정보,033230,03323
인텍플러스,064290,06429
인포바인,115310,11531
일승,333430,33343
잉크테크,049550,04955
자비스,254120,25412
자이글,234920,23492
정상제이엘에스,040420,04042
제우스,079370,07937
제이씨현시스템,033320,03332
제이엘케이,322510,32251
제이엠티,094970,09497
제주반도체,080220,08022
조아제약,034940,03494
주성엔지니어링,036930,03693
중앙디앤엠,051980,05198
지니언스,263860,26386
지엔씨에너지,119850,11985
지티지웰니스,219750,21975
초록뱀컴퍼니,052300,05230
캐스텍코리아,071850,07185
커머스마이너,223310,22331
케이비제20호스팩,342550,34255
케이프이에스제4호,347140,34714
케이피엠테크,042040,04204
케이피티유,054410,05441
켄코아에어로스페이스,274090,27409
코드네이처,078940,07894
코스나인,082660,08266
코스온,069110,06911
코오롱생명과학,102940,10294
코퍼스코리아,322780,32278
클리오,237880,23788
키네마스터,139670,13967
탑엔지니어링,065130,06513
테라셈,182690,18269
텔콘RF제약,200230,20023
토탈소프트,045340,04534
트윔,290090,29009
특수건설,026150,02615
티앤알바이오팹,246710,24671
티에스넥스젠,043220,04322
티케이케미칼,104480,10448
파나케이아,058530,05853
파라텍,033540,03354
파커스,065690,06569
패션플랫폼,225590,22559
포인트엔지니어링,256630,25663
포커스에이치엔에스,331380,33138
푸드웰,005670,00567
풍원정밀,371950,37195
프로스테믹스,203690,20369
프롬바이오,377220,37722
피델릭스,032580,03258
피에스엠씨,024850,02485
피에스케이,319660,31966
피에스케이홀딩스,031980,03198
피제이전자,006140,00614
필옵틱스,161580,16158
하나금융15호스팩,341160,34116
하나금융19호스팩,388220,38822
하이즈항공,221840,22184
한국경제TV,039340,03934
한국맥널티,222980,22298
한국선재,025550,02555
한국제10호스팩,409570,40957
한국테크놀로지,053590,05359
한솔인티큐브,070590,07059
한양디지텍,078350,07835
한화플러스제2호스팩,386580,38658
현대무벡스,319400,31940
현대바이오,048410,04841
현대바이오랜드,052260,05226
화성밸브,039610,03961
휴림로봇,090710,09071
휴먼엔,032860,03286
휴엠앤씨,263920,26392
희림,037440,03744
관악산업,076340,07634
굿센,243870,24387
나눔테크,244880,24488
다원넥스뷰,323350,32335
다이오진,271850,27185
로지스몬,223220,22322
선바이오,067370,06737
씨앗,103660,10366
에스알바이오텍,270210,27021
엘리비젼,276240,27624
유투바이오,221800,22180
진코스텍,250030,25003
큐엠씨,136660,13666
타스컴,336040,33604
CJ CGV,079160,07916
CJ제일제당,097950,09795
CS홀딩스,000590,00059
DSR제강,069730,06973
F&F 홀딩스,007700,00770
GS리테일,007070,00707
HDC,012630,01263
JW홀딩스,096760,09676
KB금융,105560,10556
KEC,092220,09222
KG스틸,016380,01638
KR모터스,000040,00004
KTcs,058850,05885
LS전선아시아,229640,22964
SKC,011790,01179
SK디앤디,210980,21098
강원랜드,035250,03525
경동나비엔,009450,00945
교보증권,030610,03061
금강공업,014280,01428
금호건설,002990,00299
금호전기,001210,00121
기업은행,024110,02411
다올투자증권,030210,03021
대구백화점,006370,00637
대성에너지,117580,11758
대원제약,003220,00322
대한방직,001070,00107
대한해운,005880,00588
덕양산업,024900,02490
동아에스티,170900,17090
동아지질,028100,02810
동양생명,082640,08264
동원금속,018500,01850
디씨엠,024090,02409
디아이,003160,00316
디앤디플랫폼리츠,377190,37719
롯데정밀화학,004000,00400
무학,033920,03392
보락,002760,00276
빙그레,005180,00518
사조대림,003960,00396
삼부토건,001470,00147
서원,021050,02105
선도전기,007610,00761
세방,004360,00436
세아홀딩스,058650,05865
세우글로벌,013000,01300
세원정공,021820,02182
세이브존I&C,067830,06783
솔루스첨단소재,336370,33637
수산중공업,017550,01755
신송홀딩스,006880,00688
신일전자,002700,00270
신풍제약,019170,01917
아모레퍼시픽,090430,09043
아이마켓코리아,122900,12290
아이에이치큐,003560,00356
에스엠벡셀,010580,01058
엔씨소프트,036570,03657
영보화학,014440,01444
유니온머티리얼,047400,04740
이수화학,005950,00595
이스타코,015020,01502
인디에프,014990,01499
인천도시가스,034590,03459
일동홀딩스,000230,00023
조흥,002600,00260
카카오뱅크,323410,32341
코리아써키트,007810,00781
코스모화학,005420,00542
코아스,071950,07195
코오롱,002020,00202
코오롱플라스틱,138490,13849
큐로,015590,01559
크래프톤,259960,25996
태광산업,003240,00324
태영건설,009410,00941
티비에이치글로벌,084870,08487
포스코케미칼,003670,00367
하이트진로,000080,00008
한국금융지주,071050,07105
한국전자홀딩스,006200,00620
한국조선해양,009540,00954
한국종합기술,023350,02335
한국주철관공업,000970,00097
한국타이어앤테크놀로지,161390,16139
한국프랜지공업,010100,01010
한온시스템,018880,01888
한올바이오파마,009420,00942
한창,005110,00511
호텔신라,008770,00877
화승알앤에이,378850,37885
화승인더스트리,006060,00606
화천기공,000850,00085
환인제약,016580,01658
효성,004800,00480
효성화학,298000,29800
흥국화재,000540,00054
APS홀딩스,054620,05462
CBI,013720,01372
CNT85,056730,05673
CS,065770,06577
HLB생명과학,067630,06763
HRS,036640,03664
NHN벅스,104200,10420
NICE평가정보,030190,03019
TS트릴리온,317240,31724
갤럭시아머니트리,094480,09448
고영,098460,09846
광림,014200,01420
국영지앤엠,006050,00605
그래디언트,035080,03508
나노엔텍,039860,03986
나이벡,138610,13861
네오팜,092730,09273
넥스틴,348210,34821
넵튠,217270,21727
노바렉스,194700,19470
누리플렉스,040160,04016
뉴로스,126870,12687
뉴파워프라즈마,144960,14496
다날,064260,06426
대성파인텍,104040,10404
대양제지,006580,00658
대창솔루션,096350,09635
대한과학,131220,13122
더네이쳐홀딩스,298540,29854
동국산업,005160,00516
동아엘텍,088130,08813
동원개발,013120,01312
디딤,217620,21762
디스플레이텍,066670,06667
디알텍,214680,21468
디엔에프,092070,09207
디오,039840,03984
딜리,131180,13118
딥노이드,315640,31564
레드캡투어,038390,03839
레이언스,228850,22885
로보로보,215100,21510
매일홀딩스,005990,00599
머큐리,100590,10059
메가엠디,133750,13375
메디앙스,014100,01410
메디콕스,054180,05418
메타바이오메드,059210,05921
멕아이씨에스,058110,05811
모두투어,080160,08016
무림SP,001810,00181
미래에셋벤처투자,100790,10079
미래에셋비전스팩1호,412930,41293
미래에셋비전스팩1호,412930,41293
바이오로그디바이스,208710,20871
부스타,008470,00847
비엘,142760,14276
비트컴퓨터,032850,03285
비피도,238200,23820
삼륭물산,014970,01497
삼양옵틱스,225190,22519
삼일기업공사,002290,00229
삼표시멘트,038500,03850
삼화네트웍스,046390,04639
상보,027580,02758
상신이디피,091580,09158
상지카일룸,042940,04294
서울리거,043710,04371
성우하이텍,015750,01575
세경하이테크,148150,14815
세명전기,017510,01751
셀바스AI,108860,10886
솔고바이오,043100,04310
솔브레인,357780,35778
슈프리마,236200,23620
신라섬유,001000,00100
신한제6호스팩,333050,33305
싸이맥스,160980,16098
쎄트렉아이,099320,09932
씨앤씨인터내셔널,352480,35248
씨앤투스성진,352700,35270
아가방컴퍼니,013990,01399
아모그린텍,125210,12521
아모텍,052710,05271
아미코젠,092040,09204
아스플로,159010,15901
아이엠,101390,10139
아이퀘스트,262840,26284
안국약품,001540,00154
액트로,290740,29074
에디슨EV,136510,13651
에스티팜,237690,23769
에이스침대,003800,00380
에코마케팅,230360,23036
에프알텍,073540,07354
에프앤리퍼블릭,064090,06409
엔지켐생명과학,183490,18349
엔켐,348370,34837
엔투텍,227950,22795
엠에프엠코리아,323230,32323
영신금속,007530,00753
영풍정밀,036560,03656
예림당,036000,03600
오공,045060,04506
와이더플래닛,321820,32182
와이지-원,019210,01921
우리로,046970,04697
우림피티에스,101170,10117
우수AMS,066590,06659
원익홀딩스,030530,03053
원일특강,012620,01262
윈하이텍,192390,19239
윌링스,313760,31376
유안타제8호스팩,367480,36748
유에스티,263770,26377
이글벳,044960,04496
이녹스,088390,08839
이랜시스,264850,26485
이삭엔지니어링,351330,35133
이엠앤아이,083470,08347
이지케어텍,099750,09975
인선이엔티,060150,06015
인콘,083640,08364
인텔리안테크,189300,18930
인트론바이오,048530,04853
인포뱅크,039290,03929
전진바이오팜,110020,11002
정다운,208140,20814
정원엔시스,045510,04551
제놀루션,225220,22522
제이시스메디칼,287410,28741
조이시티,067000,06700
지니뮤직,043610,04361
지니틱스,303030,30303
지투파워,388050,38805
지투파워,388050,38805
천보,278280,27828
카카오게임즈,293490,29349
케이씨피드,025880,02588
케이엔더블유,105330,10533
코다코,046070,04607
코데즈컴바인,047770,04777
코리아센터,290510,29051
코리아에셋투자증권,190650,19065
코메론,049430,04943
코미팜,041960,04196
코아시아,045970,04597
코아시아옵틱스,196450,19645
코원플레이,056000,05600
코위버,056360,05636
크루셜텍,114120,11412
태광,023160,02316
테고사이언스,191420,19142
테라사이언스,073640,07364
테라젠이텍스,066700,06670
토박스코리아,215480,21548
티엘아이,062860,06286
파루,043200,04320
파멥신,208340,20834
파수,150900,15090
파인디지털,038950,03895
파트론,091700,09170
팬엔터테인먼트,068050,06805
펌텍코리아,251970,25197
풍강,093380,09338
플레이디,237820,23782
피에스텍,002230,00223
피엔티,137400,13740
피코그램,376180,37618
픽셀플러스,087600,08760
핑거,163730,16373
하나금융14호스팩,332710,33271
하나금융22호스팩,418170,41817
하나금융22호스팩,418170,41817
하나마이크론,067310,06731
하림,136480,13648
하이딥,365590,36559
하이제7호스팩,400840,40084
한국정보인증,053300,05330
한국컴퓨터,054040,05404
한국코퍼레이션,050540,05054
한빛소프트,047080,04708
한일화학,007770,00777
한컴MDS,086960,08696
현대이지웰,090850,09085
형지I&C,011080,01108
휴네시온,290270,29027
휴온스글로벌,084110,08411
흥국에프엔비,189980,18998
대주이엔티,114920,11492
메디안디노스틱,233250,23325
바이오시네틱스,281310,28131
앙츠,267810,26781
에이치엔에스하이텍,044990,04499
유니포인트,121060,12106
이노벡스,279060,27906
제이엠멀티,254160,25416
탑선,180060,18006
테크엔,308700,30870
테크트랜스,258050,25805
펨토바이오메드,327610,32761
BGF리테일,282330,28233
BNK금융지주,138930,13893
GS건설,006360,00636
HD현대,267250,26725
LG전자,066570,06657
SBS,034120,03412
SG글로벌,001380,00138
SHD,001770,00177
SK,034730,03473
SK가스,018670,01867
SK디스커버리,006120,00612
SK렌터카,068400,06840
SK리츠,395400,39540
STX중공업,071970,07197
YG PLUS,037270,03727
국제약품,002720,00272
금양,001570,00157
금호타이어,073240,07324
남선알미늄,008350,00835
농심홀딩스,072710,07271
다스코,058730,05873
다이나믹디자인,145210,14521
대한유화,006650,00665
더블유게임즈,192080,19208
동방아그로,007590,00759
동서,026960,02696
동성케미컬,102260,10226
동양,001520,00152
동양철관,008970,00897
동원F&B,049770,04977
동원시스템즈,014820,01482
동일제강,002690,00269
디와이,013570,01357
롯데푸드,002270,00227
마니커,027740,02774
맥쿼리인프라,088980,08898
메리츠금융지주,138040,13804
메리츠화재,000060,00006
메타랩스,090370,09037
모토닉,009680,00968
미래에셋생명,085620,08562
미원화학,134380,13438
백산,035150,03515
범양건영,002410,00241
베트남개발1,096300,09630
비케이탑스,030790,03079
삼성바이오로직스,207940,20794
삼성증권,016360,01636
삼성카드,029780,02978
삼양홀딩스,000070,00007
삼영무역,002810,00281
삼일제약,000520,00052
삼정펄프,009770,00977
샘표식품,248170,24817
서연이화,200880,20088
성보화학,003080,00308
세아베스틸지주,001430,00143
세아제강,306200,30620
송원산업,004430,00443
신성이엔지,011930,01193
신세계푸드,031440,03144
신한서부티엔디리츠,404990,40499
쌍용씨앤이,003410,00341
씨아이테크,004920,00492
아이에스동서,010780,01078
아주스틸,139990,13999
애경산업,018250,01825
애경케미칼,161000,16100
에이프로젠 MED,007460,00746
엔에이치엔,181710,18171
엠씨넥스,097520,09752
예스코홀딩스,015360,01536
우성,006980,00698
웅진,016880,01688
유니켐,011330,01133
유엔젤,072130,07213
유화증권,003460,00346
이구산업,025820,02582
이노션,214320,21432
이마트,139480,13948
일성신약,003120,00312
제이에스코퍼레이션,194370,19437
제이준코스메틱,025620,02562
종근당바이오,063160,06316
지투알,035000,03500
진도,088790,08879
진양화학,051630,05163
케이씨,029460,02946
케이탑리츠,145270,14527
코스모신소재,005070,00507
태평양물산,007980,00798
텔코웨어,078000,07800
티와이홀딩스,363280,36328
팜스코,036580,03658
플레이그램,009810,00981
하이스틸,071090,07109
하이트론씨스템즈,019490,01949
한국수출포장공업,002200,00220
한국앤컴퍼니,000240,00024
한국자산신탁,123890,12389
한국전력공사,015760,01576
한국주강,025890,02589
한국항공우주,047810,04781
한솔홀딩스,004150,00415
한신기계공업,011700,01170
한일시멘트,300720,30072
한화에어로스페이스,012450,01245
해태제과식품,101530,10153
현대글로비스,086280,08628
현대중공업,329180,32918
현대퓨처넷,126560,12656
효성 ITX,094280,09428
휴니드테크놀러지스,005870,00587
EV수성,084180,08418
KCC건설,021320,02132
KCI,036670,03667
KG ETS,151860,15186
NEW,160550,16055
SBI핀테크솔루션즈,950110,JPN07
SG&G,040610,04061
SGA솔루션즈,184230,18423
WI,073570,07357
iMBC,052220,05222
가온미디어,078890,07889
경남제약,053950,05395
고려시멘트,198440,19844
고려제약,014570,01457
국일신동,060480,06048
국전약품,307750,30775
글로벌에스엠,900070,CYM05
기가레인,049080,04908
나노,187790,18779
나무가,190510,19051
나인테크,267320,26732
남화산업,111710,11171
남화토건,091590,09159
넥스트아이,137940,13794
녹원씨엔아이,065560,06556
다산네트웍스,039560,03956
대명소노시즌,007720,00772
대성미생물,036480,03648
대신밸런스제8호스팩,336570,33657
대원산업,005710,00571
대한광통신,010170,01017
더블유에스아이,299170,29917
도이치모터스,067990,06799
동국제약,086450,08645
동일기연,032960,03296
듀오백,073190,07319
디에이치피코리아,131030,13103
디엑스앤브이엑스,180400,18040
디지아이,043360,04336
디지털대성,068930,06893
디케이락,105740,10574
래몽래인,200350,20035
레고켐바이오,141080,14108
로보스타,090360,09036
루멘스,038060,03806
리더스 기술투자,019570,01957
리드코프,012700,01270
모트렉스,118990,11899
미래컴퍼니,049950,04995
바이옵트로,222160,22216
박셀바이오,323990,32399
베셀,177350,17735
보라티알,250000,25000
브레인즈컴퍼니,099390,09939
브리지텍,064480,06448
비즈니스온,138580,13858
삼목에스폼,018310,01831
삼진엘앤디,054090,05409
삼천리자전거,024950,02495
삼현철강,017480,01748
서산,079650,07965
서전기전,189860,18986
서진오토모티브,122690,12269
선익시스템,171090,17109
성호전자,043260,04326
세운메디칼,100700,10070
세종메디칼,258830,25883
세종텔레콤,036630,03663
스카이이앤엠,131100,13110
스튜디오드래곤,253450,25345
시공테크,020710,02071
시큐브,131090,13109
신도기연,290520,29052
신테카바이오,226330,22633
쎄노텍,222420,22242
씨큐브,101240,10124
씨티케이,260930,26093
아모센스,357580,35758
아이디피,332370,33237
아이스크림에듀,289010,28901
아이씨디,040910,04091
아이즈비전,031310,03131
아이톡시,052770,05277
아즈텍WB,032080,03208
아진산업,013310,01331
알티캐스트,085810,08581
애니젠,196300,19630
어스앤에어로스페이스,263540,26354
얼라인드,238120,23812
에브리봇,270660,27066
에스앤디,260970,26097
에스제이그룹,306040,30604
에스트래픽,234300,23430
에이디칩스,054630,05463
에이루트,096690,09669
에이비엘바이오,298380,29838
엑셈,205100,20510
엔지스테크널러지,208860,20886
엔케이맥스,182400,18240
엔텔스,069410,06941
엘디티,096870,09687
엘비세미콘,061970,06197
영림원소프트랩,060850,06085
오스템임플란트,048260,04826
오텍,067170,06717
와이즈버즈,273060,27306
우리바이오,082850,08285
원풍,008370,00837
위닉스,044340,04434
위메이드,112040,11204
위메이드맥스,101730,10173
유비벨록스,089850,08985
유비쿼스,264450,26445
유아이엘,049520,04952
유진스팩7호,388800,38880
유진스팩8호,413630,41363
유진스팩8호,413630,41363
유진테크,084370,08437
유테크,178780,17878
유틸렉스,263050,26305
이건홀딩스,039020,03902
이노와이어리스,073490,07349
이니텍,053350,05335
이미지스,115610,11561
이화전기,024810,02481
인바디,041830,04183
인산가,277410,27741
인지디스플레,037330,03733
인트로메딕,150840,15084
자이언트스텝,289220,28922
재영솔루텍,049630,04963
제이티,089790,08979
제일테크노스,038010,03801
좋은사람들,033340,03334
진성티이씨,036890,03689
초록뱀미디어,047820,04782
캐리소프트,317530,31753
캠시스,050110,05011
컴투스홀딩스,063080,06308
케스피온,079190,07919
케어랩스,263700,26370
케어젠,214370,21437
케이피에프,024880,02488
코디엠,224060,22406
코스맥스엔비티,222040,22204
코스메카코리아,241710,24171
코이즈,121850,12185
코프라,126600,12660
태양,053620,05362
태웅로직스,124560,12456
토비스,051360,05136
티비씨,033830,03383
티엘비,356860,35686
파나진,046210,04621
파버나인,177830,17783
포바이포,389140,38914
포바이포,389140,38914
퓨런티어,370090,37009
프로이천,321260,32126
프로텍,053610,05361
플래티어,367000,36700
피씨엘,241820,24182
하나금융16호스팩,343510,34351
하이제5호스팩,340120,34012
한국알콜,017890,01789
한국정보통신,025770,02577
한국캐피탈,023760,02376
한일네트웍스,046110,04611
한일단조,024740,02474
해성옵틱스,076610,07661
현우산업,092300,09230
협진,138360,13836
KC산업,112190,11219
SK시그넷,260870,26087
노드메이슨,317860,31786
라피치,403360,40336
럭스피아,092590,09259
무진메디,322970,32297
씨앤에스링크,245450,24545
에스엔피제네틱스,086460,08646
에스제이켐,217910,21791
태양기계,116100,11610
한중엔시에스,107640,10764
AJ네트웍스,095570,09557
CJ대한통운,000120,00012
DL건설,001880,00188
ESR켄달스퀘어리츠,365550,36555
F&F,383220,38322
HJ중공업,097230,09723
HMM,011200,01120
KPX홀딩스,092230,09223
KSS해운,044450,04445
LG생활건강,051900,05190
LG화학,051910,05191
LIG넥스원,079550,07955
NH투자증권,005940,00594
NICE,034310,03431
NI스틸,008260,00826
SH에너지화학,002360,00236
SK네트웍스,001740,00174
SK증권,001510,00151
SK텔레콤,017670,01767
SNT에너지,100840,10084
경인양행,012610,01261
경인전자,009140,00914
교촌에프앤비,339770,33977
기신정기,092440,09244
까뮤이앤씨,013700,01370
넥센타이어,002350,00235
농심,004370,00437
대덕,008060,00806
대동전자,008110,00811
대림비앤코,005750,00575
대양금속,009190,00919
대웅제약,069620,06962
대창,012800,01280
대한전선,001440,00144
대한항공,003490,00349
동국제강,001230,00123
두산밥캣,241560,24156
두산에너빌리티,034020,03402
디아이동일,001530,00153
디아이씨,092200,09220
락앤락,115390,11539
롯데관광개발,032350,03235
롯데칠성음료,005300,00530
롯데케미칼,011170,01117
마스턴프리미어리츠,357430,35743
마스턴프리미어리츠,357430,35743
만도,204320,20432
맵스리얼티1,094800,09480
미래아이앤지,007120,00712
미래에셋글로벌리츠,396690,39669
바다로19호,155900,15590
부산산업,011390,01139
부산주공,005030,00503
사조산업,007160,00716
사조씨푸드,014710,01471
삼성제약,001360,00136
삼원강재,023000,02300
삼화왕관,004450,00445
서연,007860,00786
세아특수강,019440,01944
세진중공업,075580,07558
셀트리온,068270,06827
신성통상,005390,00539
써니전자,004770,00477
쎌마테라퓨틱스,015540,01554
씨에스윈드,112610,11261
아세아제지,002310,00231
에넥스,011090,01109
에스제이엠,123700,12370
엔케이,085310,08531
엔피씨,004250,00425
엘에스일렉트릭,010120,01012
영원무역,111770,11177
영원무역홀딩스,009970,00997
용평리조트,070960,07096
우신시스템,017370,01737
우진플라임,049800,04980
유니드,014830,01483
유안타증권,003470,00347
유진증권,001200,00120
이건산업,008250,00825
이연제약,102460,10246
인바이오젠,101140,10114
인스코비,006490,00649
일진하이솔루스,271940,27194
제주은행,006220,00622
조광페인트,004910,00491
조선내화,000480,00048
지엠비코리아,013870,01387
케이씨씨,002380,00238
케이씨씨글라스,344820,34482
코오롱인더,120110,12011
태경케미컬,006890,00689
티케이지휴켐스,069260,06926
페이퍼코리아,001020,00102
하나제약,293480,29348
하나투어,039130,03913
한국공항,005430,00543
한국철강,104700,10470
한국콜마,161890,16189
한미글로벌,053690,05369
한신공영,004960,00496
한양증권,001750,00175
한진,002320,00232
한진중공업홀딩스,003480,00348
한화,000880,00088
현대건설기계,267270,26727
현대두산인프라코어,042670,04267
현대에너지솔루션,322000,32200
현대일렉트릭,267260,26726
현대제철,004020,00402
화승코퍼레이션,013520,01352
황금에스티,032560,03256
효성중공업,298040,29804
효성첨단소재,298050,29805
DSC인베스트먼트,241520,24152
EG,037370,03737
GST,083450,08345
HB솔루션,297890,29789
HK이노엔,195940,19594
ITX-AI,099520,09952
KBG,318000,31800
KMH,122450,12245
PN풍년,024940,02494
SDN,099220,09922
가비아,079940,07994
경남스틸,039240,03924
경동제약,011040,01104
골드앤에스,035290,03529
글로벌텍스프리,204620,20462
내츄럴엔도텍,168330,16833
네오셈,253590,25359
네오위즈홀딩스,042420,04242
네이블커뮤니케이션즈,153460,15346
넥슨게임즈,225570,22557
뉴프렉스,085670,08567
대성엘텍,025440,02544
대신밸런스제11호스팩,397500,39750
대양전기공업,108380,10838
대주산업,003310,00331
덕산테코피아,317330,31733
동진쎄미켐,005290,00529
드림어스컴퍼니,060570,06057
디바이스이엔지,187870,18787
디비금융스팩10호,404950,40495
디알젬,263690,26369
램테크놀러지,171010,17101
레드로버,060300,06030
레이크머티리얼즈,281740,28174
레인보우로보틱스,277810,27781
로지시스,067730,06773
리노스,039980,03998
링네트,042500,04250
마이크로프랜드,147760,14776
매직마이크로,127160,12716
메가스터디교육,215200,21520
메드팩토,235980,23598
메디톡스,086900,08690
멜파스,096640,09664
모베이스전자,012860,01286
모비데이즈,363260,36326
모아데이타,288980,28898
모헨즈,006920,00692
미코,059090,05909
민앤지,214180,21418
바이넥스,053030,05303
바이브컴퍼니,301300,30130
바이오톡스텍,086040,08604
바이온,032980,03298
블루콤,033560,03356
비보존 헬스케어,082800,08280
비에이치아이,083650,08365
비트나인,357880,35788
사람인에이치알,143240,14324
삼아제약,009300,00930
삼일,032280,03228
삼지전자,037460,03746
상상인인더스트리,101000,10100
상아프론테크,089980,08998
새로닉스,042600,04260
서연탑메탈,019770,01977
서울반도체,046890,04689
서울전자통신,027040,02704
서원인텍,093920,09392
서진시스템,178320,17832
서호전기,065710,06571
세보엠이씨,011560,01156
세틀뱅크,234340,23434
셀트리온헬스케어,091990,09199
소마젠,950200,USA15
슈프리마에이치큐,094840,09484
시그네틱스,033170,03317
시노펙스,025320,02532
신영스팩7호,419270,41927
신영스팩7호,419270,41927
신한제7호스팩,366330,36633
씨아이에스,222080,22208
씨앤지하이테크,264660,26466
씨엔알리서치,359090,35909
아세아텍,050860,05086
아시아종묘,154030,15403
아우딘퓨쳐스,227610,22761
아이엘사이언스,307180,30718
아이윈플러스,123010,12301
알에스오토메이션,140670,14067
알톤스포츠,123750,12375
액션스퀘어,205500,20550
에스디생명공학,217480,21748
에스씨엠생명과학,298060,29806
에스엔유,080000,08000
에스텍파마,041910,04191
에이스테크,088800,08880
에이치엠씨제5호스팩,353060,35306
에이티세미콘,089530,08953
에이프로,262260,26226
에이피티씨,089970,08997
에프에스티,036810,03681
엑스큐어,070300,07030
엔시스,333620,33362
엔에스,217820,21782
엔피디,198080,19808
엘비루셈,376190,37619
엘앤씨바이오,290650,29065
엘오티베큠,083310,08331
엠브레인,169330,16933
엠투아이,347890,34789
엠플러스,259630,25963
예스24,053280,05328
오가닉티코스메틱,900300,HKG20
오르비텍,046120,04612
오스테오닉,226400,22640
오토앤,353590,35359
오하임아이엔티,309930,30993
옵트론텍,082210,08221
와이아이케이,232140,23214
와이어블,065530,06553
와이팜,332570,33257
우리산업홀딩스,072470,07247
우양,103840,10384
원익QnC,074600,07460
위지윅스튜디오,299900,29990
유네코,064510,06451
유니트론텍,142210,14221
유아이디,069330,06933
유일에너테크,340930,34093
유진스팩6호,373340,37334
율호,072770,07277
이글루,067920,06792
이루온,065440,06544
이수앱지스,086890,08689
이엘피,063760,06376
이큐셀,160600,16060
이트론,096040,09604
인포마크,175140,17514
일신바이오,068330,06833
잉글우드랩,950140,USA11
제너셈,217190,21719
제노레이,122310,12231
제로투세븐,159580,15958
제룡전기,033100,03310
제주맥주,276730,27673
젬백스,082270,08227
지란지교시큐리티,208350,20835
지엔코,065060,06506
지오엘리먼트,311320,31132
참좋은여행,094850,09485
칩스앤미디어,094360,09436
컴퍼니케이,307930,30793
케이사인,192250,19225
케이씨에스,115500,11550
케이아이엔엑스,093320,09332
켐온,217600,21760
켐트로스,220260,22026
코세스,089890,08989
코엔텍,029960,02996
코웰패션,033290,03329
코윈테크,282880,28288
큐브엔터,182360,18236
크로바하이텍,043590,04359
태웅,044490,04449
테크윙,089030,08903
트루윈,105550,10555
티로보틱스,117730,11773
파라다이스,034230,03423
파이버프로,368770,36877
파인텍,131760,13176
파크시스템스,140860,14086
펄어비스,263750,26375
펩트론,087010,08701
포스코 ICT,022100,02210
폴라리스우노,114630,11463
풍국주정,023900,02390
퓨쳐켐,220100,22010
프리시젼바이오,335810,33581
플래스크,041590,04159
피씨디렉트,051380,05138
피엔에이치테크,239890,23989
피엔케이피부임상연구센타,347740,34774
피플바이오,304840,30484
하나머티리얼즈,166090,16609
하이로닉,149980,14998
하이소닉,106080,10608
하이텍팜,106190,10619
한국유니온제약,080720,08072
한일사료,005860,00586
해성티피씨,059270,05927
현대에이치티,039010,03901
화일약품,061250,06125
효성오앤비,097870,09787
휴럼,353190,35319
휴센텍,215090,21509
휴젤,145020,14502
도부마스크,227420,22742
디피코,163430,16343
빅텐츠,210120,21012
썬테크,217320,21732
씨알푸드,236030,23603
아퓨어스,149300,14930
안지오랩,251280,25128
엔에스엠,238170,23817
엘에이티,311060,31106
유비온,084440,08444
지오씨,135160,13516
파마리서치바이오,217950,21795
AK홀딩스,006840,00684
CJ,001040,00104
DB금융투자,016610,01661
DGB금융지주,139130,13913
KISCO홀딩스,001940,00194
LG디스플레이,034220,03422
LG에너지솔루션,373220,37322
LS,006260,00626
LX인터내셔널,001120,00112
NH프라임리츠,338100,33810
S-Oil,010950,01095
SK바이오사이언스,302440,30244
SK케미칼,285130,28513
SK하이닉스,000660,00066
SNT모티브,064960,06496
계룡건설산업,013580,01358
고려아연,010130,01013
기아,000270,00027
남양유업,003920,00392
남해화학,025860,02586
대상,001680,00168
대성홀딩스,016710,01671
대우조선해양,042660,04266
대한제강,084010,08401
대한제당,001790,00179
더존비즈온,012510,01251
롯데하이마트,071840,07184
만호제강,001080,00108
모나미,005360,00536
문배철강,008420,00842
미창석유공업,003650,00365
백광산업,001340,00134
벽산,007210,00721
부광약품,003000,00300
부국철강,026940,02694
비비안,002070,00207
비상교육,100220,10022
삼성공조,006660,00666
삼성생명,032830,03283
삼양패키징,272550,27255
삼일씨엔에스,004440,00444
삼화전기,009470,00947
삼화페인트공업,000390,00039
샘표,007540,00754
서흥,008490,00849
세하,027970,02797
센트럴인사이트,012600,01260
신라교역,004970,00497
신세계건설,034300,03430
신영와코루,005800,00580
신영증권,001720,00172
신원,009270,00927
아세아시멘트,183190,18319
아시아나IDT,267850,26785
에스디바이오센서,137310,13731
에스엘,005850,00585
에어부산,298690,29869
엘브이엠씨,900140,CYM08
오리온,271560,27156
우리금융지주,316140,31614
웰바이오텍,010600,01060
유니온,000910,00091
유한양행,000100,00010
이리츠코크렙,088260,08826
이월드,084680,08468
일진전기,103590,10359
제일기획,030000,03000
제일연마,001560,00156
조광피혁,004700,00470
조선선재,120030,12003
카카오,035720,03572
컨버즈,109070,10907
케이씨텍,281820,28182
케이티,030200,03020
코리안리,003690,00369
쿠쿠홀딩스,192400,19240
쿠쿠홈시스,284740,28474
크라운제과,264900,26490
크라운해태홀딩스,005740,00574
태림포장,011280,01128
태원물산,001420,00142
티에이치엔,019180,01918
퍼스텍,010820,01082
퍼시스,016800,01680
한국토지신탁,034830,03483
한독,002390,00239
한세엠케이,069640,06964
한솔제지,213500,21350
한솔케미칼,014680,01468
한솔테크닉스,004710,00471
한일현대시멘트,006390,00639
한전기술,052690,05269
한화시스템,272210,27221
해성디에스,195870,19587
현대백화점,069960,06996
현대엘리베이터,017800,01780
형지엘리트,093240,09324
혜인,003010,00301
휴비스,079980,07998
3S,060310,06031
CJ프레시웨이,051500,05150
CNH,023460,02346
DB금융스팩9호,367360,36736
DMS,068790,06879
GRT,900290,HKG21
HLB,028300,02830
HLB제약,047920,04792
HLB테라퓨틱스,115450,11545
IBKS제12호스팩,335870,33587
KG모빌리언스,046440,04644
KMH하이텍,052900,05290
LX세미콘,108320,10832
SBS콘텐츠허브,046140,04614
SK5호스팩,337450,33745
SV인베스트먼트,289080,28908
TPC,048770,04877
TS인베스트먼트,246690,24669
YTN,040300,04030
YW,051390,05139
골든센츄리,900280,CYM16
공구우먼,366030,36603
광무,029480,02948
교보11호스팩,397880,39788
나노캠텍,091970,09197
나무기술,242040,24204
나이스디앤비,130580,13058
나이스정보통신,036800,03680
네오오토,212560,21256
네오이뮨텍,950220,USA14
노바텍,285490,28549
노블엠앤비,106520,10652
누보,332290,33229
뉴보텍,060260,06026
뉴지랩파마,214870,21487
대신정보통신,020180,02018
대원미디어,048910,04891
대호특수강,021040,02104
대화제약,067080,06708
덕우전자,263600,26360
데브시스터즈,194480,19448
동신건설,025950,02595
동아화성,041930,04193
동양파일,228340,22834
디앤씨미디어,263720,26372
디와이씨,310870,31087
디이엔티,079810,07981
라온피플,300120,30012
랩지노믹스,084650,08465
로스웰,900260,HKG19
리메드,302550,30255
린드먼아시아,277070,27707
마크로젠,038290,03829
멀티캠퍼스,067280,06728
모베이스,101330,10133
모아텍,033200,03320
미스터블루,207760,20776
바른손이앤에이,035620,03562
바이오니아,064550,06455
바이오다인,314930,31493
바이오스마트,038460,03846
바텍,043150,04315
배럴,267790,26779
버킷스튜디오,066410,06641
베노홀딩스,206400,20640
보광산업,225530,22553
본느,226340,22634
브릿지바이오,288330,28833
블리츠웨이,369370,36937
비엠티,086670,08667
삼보모터스,053700,05370
삼보산업,009620,00962
삼영엠텍,054540,05454
삼진,032750,03275
상상인,038540,03854
상상인제3호스팩,415580,41558
상상인제3호스팩,415580,41558
서울바이오시스,092190,09219
서울옥션,063170,06317
서울제약,018680,01868
성우테크론,045300,04530
셀리버리,268600,26860
소룩스,290690,29069
소프트캠프,258790,25879
손오공,066910,06691
스카이문스테크놀로지,033790,03379
스튜디오산타클로스,204630,20463
신성델타테크,065350,06535
신한제8호스팩,393360,39336
신화인터텍,056700,05670
실리콘투,257720,25772
싸이버원,356890,35689
싸이토젠,217330,21733
씨유테크,376290,37629
씨이랩,189330,18933
아나패스,123860,12386
아셈스,136410,13641
아이오케이,078860,07886
아이원스,114810,11481
아주IB투자,027360,02736
안랩,053800,05380
알서포트,131370,13137
압타바이오,293780,29378
에너토크,019990,01999
에스맥,097780,09778
에스에이엠티,031330,03133
에스피지,058610,05861
에이비온,203400,20340
에이비프로바이오,195990,19599
에이치앤비디자인,227100,22710
에이팩트,200470,20047
에이프로젠 H&G,109960,10996
에치에프알,230240,23024
에코바이오,038870,03887
에코캡,128540,12854
에코프로,086520,08652
에프앤가이드,064850,06485
에프엔에스테크,083500,08350
엔에이치스팩20호,391060,39106
엘엠에스,073110,07311
엠아이텍,179290,17929
엠에스오토텍,123040,12304
엠케이전자,033160,03316
오션브릿지,241790,24179
오스템,031510,03151
올리패스,244460,24446
와이엠씨,155650,15565
와이엠티,251370,25137
와이제이엠게임즈,193250,19325
와토스코리아,079000,07900
우리넷,115440,11544
원익IPS,240810,24081
위드텍,348350,34835
위메이드플레이,123420,12342
위세아이텍,065370,06537
위지트,036090,03609
윈스,136540,13654
윈텍,320000,32000
유니슨,018000,01800
유니크,011320,01132
이상네트웍스,080010,08001
이스트아시아홀딩스,900110,HKG05
이엔드디,101360,10136
이오플로우,294090,29409
이즈미디어,181340,18134
이퓨쳐,134060,13406
이화공영,001840,00184
인터엠,017250,01725
인피니트헬스케어,071200,07120
장원테크,174880,17488
제노코,361390,36139
제이웨이,058420,05842
젬백스링크,064800,06480
조광ILI,044060,04406
줌인터넷,239340,23934
중앙백신,072020,07202
지니너스,389030,38903
지아이텍,382480,38248
진바이오텍,086060,08606
진시스템,363250,36325
카스,016920,01692
카페24,042000,04200
컴투스,078340,07834
케이에스피,073010,07301
코나아이,052400,05240
코센,009730,00973
코텍,052330,05233
큐로홀딩스,051780,05178
크리스탈신소재,900250,CYM15
크린앤사이언스,045520,04552
클래시스,214150,21415
클리노믹스,352770,35277
투비소프트,079970,07997
팅크웨어,084730,08473
파마리서치,214450,21445
판타지오,032800,03280
팜스토리,027710,02771
포시에스,189690,18969
포인트모바일,318020,31802
폴라리스오피스,041020,04102
푸드나무,290720,29072
피에이치씨,057880,05788
피에이치에이,043370,04337
피제이메탈,128660,12866
하나금융21호스팩,406760,40676
한국전자인증,041460,04146
한국큐빅,021650,02165
한글과컴퓨터,030520,03052
한독크린텍,256150,25615
한창바이오텍,043090,04309
한탑,002680,00268
해성산업,034810,03481
현대에버다임,041440,04144
홈캐스트,064240,06424
휴메딕스,200670,20067
흥구석유,024060,02406
EMB,278990,27899
골프존데카,183410,18341
데이터스트림즈,199150,19915
루켄테크놀러지스,162120,16212
메디젠휴먼케어,236340,23634
블루탑,191600,19160
비엔디생활건강,215050,21505
비엘헬스케어,086220,08622
아이케이세미콘,149010,14901
에스엘에스바이오,246250,24625
엔에스컴퍼니,224760,22476
엔지브이아이,093510,09351
유엑스엔,337840,33784
이비테크,208850,20885
이앤에치,341310,34131
젬,248020,24802
청광건설,140290,14029
코나솔,176590,17659
코나솔,176590,17659
코셋,189350,18935
토마토시스템,393210,39321
프로테옴텍,303360,30336
피엔아이컴퍼니,242350,24235
BGF,027410,02741
DB,012030,01203
E1,017940,01794
HLB글로벌,003580,00358
JW생명과학,234080,23408
KC그린홀딩스,009440,00944
LG유플러스,032640,03264
LS네트웍스,000680,00068
NH올원리츠,400760,40076
SGC에너지,005090,00509
SIMPAC,009160,00916
SNT중공업,003570,00357
SNT홀딩스,036530,03653
SPC삼립,005610,00561
STX엔진,077970,07797
경동도시가스,267290,26729
경방,000050,00005
고려제강,002240,00224
광동제약,009290,00929
광주신세계,037710,03771
국보,001140,00114
금비,008870,00887
금호석유화학,011780,01178
대림통상,006570,00657
대신증권,003540,00354
대영포장,014160,01416
대원전선,006340,00634
대원화성,024890,02489
대유에이텍,002880,00288
대한화섬,003830,00383
덕성,004830,00483
도화엔지니어링,002150,00215
동방,004140,00414
동부건설,005960,00596
동성제약,002210,00221
동아타이어,282690,28269
동양고속,084670,08467
동원수산,030720,03072
두산,000150,00015
디티알오토모티브,007340,00734
미원에스씨,268280,26828
삼성에스디에스,018260,01826
삼성중공업,010140,01014
삼양사,145990,14599
삼익악기,002450,00245
삼천리,004690,00469
서울식품공업,004410,00441
성문전자,014910,01491
성창기업지주,000180,00018
세아제강지주,003030,00303
세원이앤씨,091090,09109
세종공업,033530,03353
시디즈,134790,13479
신세계,004170,00417
아세아,002030,00203
에스제이엠홀딩스,025530,02553
영진약품,003520,00352
영풍,000670,00067
영풍제지,006740,00674
유성기업,002920,00292
이수페타시스,007660,00766
이아이디,093230,09323
일진홀딩스,015860,01586
자이에스앤디,317400,31740
제이알글로벌리츠,348950,34895
진양폴리우레탄,010640,01064
참엔지니어링,009310,00931
카카오페이,377300,37730
케이카,381970,38197
코람코에너지리츠,357120,35712
코스맥스,192820,19282
코스맥스비티아이,044820,04482
키움증권,039490,03949
티웨이항공,091810,09181
팬오션,028670,02867
평화산업,090080,09008
포스코인터내셔널,047050,04705
한국ANKOR유전,152550,15255
한국화장품,123690,12369
한국화장품제조,003350,00335
한라,014790,01479
한미반도체,042700,04270
한미사이언스,008930,00893
한섬,020000,02000
한세실업,105630,10563
한솔홈데코,025750,02575
한전산업,130660,13066
한진칼,180640,18064
한컴라이프케어,372910,37291
한화손해보험,000370,00037
핸즈코퍼레이션,143210,14321
현대모비스,012330,01233
화승엔터프라이즈,241590,24159
화인베스틸,133820,13382
화천기계,010660,01066
효성티앤씨,298020,29802
후성,093370,09337
휠라홀딩스,081660,08166
휴스틸,005010,00501
CJ ENM,035760,03576
DB금융스팩8호,367340,36734
EDGC,245620,24562
FSN,214270,21427
GH신소재,130500,13050
IBKS제13호스팩,351340,35134
JTC,950170,JPN08
JYP Ent.,035900,03590
KBI메탈,024840,02484
KPX생명과학,114450,11445
RFHIC,218410,21841
RF머트리얼즈,327260,32726
UCI,038340,03834
YBM넷,057030,05703
가온칩스,399720,39972
가온칩스,399720,39972
경창산업,024910,02491
고려신용정보,049720,04972
고바이오랩,348150,34815
골드퍼시픽,038530,03853
광진실업,026910,02691
국보디자인,066620,06662
그린플러스,186230,18623
기산텔레콤,035460,03546
나노씨엠에스,247660,24766
네오위즈,095660,09566
네패스,033640,03364
대림제지,017650,01765
대원,007680,00768
대한뉴팜,054670,05467
덕산하이메탈,077360,07736
덕신하우징,090410,09041
동국S&C,100130,10013
동운아나텍,094170,09417
두산테스나,131970,13197
디아이티,110990,11099
디아크,078590,07859
디에스케이,109740,10974
디와이디,219550,21955
디케이앤디,263020,26302
디케이티,290550,29055
라온시큐어,042510,04251
라이트론,069540,06954
라파스,214260,21426
리더스코스메틱,016100,01610
마이더스AI,222810,22281
마이크로컨텍솔,098120,09812
메디프론,065650,06565
메지온,140410,14041
모비릭스,348030,34803
미디어젠,279600,27960
미래나노텍,095500,09550
미래에셋대우스팩 5호,353490,35349
바른전자,064520,06452
바이오플러스,099430,09943
바이젠셀,308080,30808
베스파,299910,29991
뷰웍스,100120,10012
비에이치,090460,09046
비올,335890,33589
비츠로셀,082920,08292
비츠로시스,054220,05422
비츠로테크,042370,04237
비케이홀딩스,050090,05009
빅텍,065450,06545
삼성머스트스팩5호,380320,38032
삼천당제약,000250,00025
서린바이오,038070,03807
서부T&D,006730,00673
서암기계공업,100660,10066
석경에이티,357550,35755
세중,039310,03931
세화피앤씨,252500,25250
셀레믹스,331920,33192
셀리드,299660,29966
소니드,060230,06023
소리바다,053110,05311
솔루에타,154040,15404
수산아이앤티,050960,05096
수젠텍,253840,25384
스맥,099440,09944
시너지이노베이션,048870,04887
신라에스지,025870,02587
신라젠,215600,21560
신일제약,012790,01279
신화콘텍,187270,18727
심텍,222800,22280
쎄니트,037760,03776
씨엔플러스,115530,11553
씨젠,096530,09653
씨티씨바이오,060590,06059
아리온,058220,05822
아비코전자,036010,03601
아이디스홀딩스,054800,05480
아이쓰리시스템,214430,21443
아이티아이즈,372800,37280
알테오젠,196170,19617
애드바이오텍,179530,17953
에스에이티,060540,06054
에스엘바이오닉스,214310,21431
에스엠코어,007820,00782
에스코넥,096630,09663
에스티오,098660,09866
에이치엘사이언스,239610,23961
에이치엠씨제4호스팩,353070,35307
에이테크솔루션,071670,07167
에코프로비엠,247540,24754
에프엔씨엔터,173940,17394
엔브이에이치코리아,067570,06757
엔시트론,101400,10140
엔에프씨,265740,26574
엘컴텍,037950,03795
엠로,058970,05897
엠벤처투자,019590,01959
엠에스씨,009780,00978
연우,115960,11596
연이비앤티,090740,09074
오리엔탈정공,014940,01494
오킨스전자,080580,08058
와이솔,122990,12299
와이엔텍,067900,06790
와이오엠,066430,06643
와이지엔터테인먼트,122870,12287
우원개발,046940,04694
우주일렉트로,065680,06568
웹젠,069080,06908
웹케시,053580,05358
위더스제약,330350,33035
유라테크,048430,04843
유바이오로직스,206650,20665
유일로보틱스,388720,38872
육일씨엔에쓰,191410,19141
이노뎁,303530,30353
이엠코리아,095190,09519
이지바이오,353810,35381
인카금융서비스,211050,21105
인화정공,101930,10193
일지테크,019540,01954
제넨바이오,072520,07252
제이에스티나,026040,02604
제이엠아이,033050,03305
제일바이오,052670,05267
제일전기공업,199820,19982
지나인제약,078650,07865
지더블유바이텍,036180,03618
지엔원에너지,270520,27052
진로발효,018120,01812
차백신연구소,261780,26178
청담글로벌,362320,36232
청담글로벌,362320,36232
체리부로,066360,06636
케이디켐,221980,22198
케이씨티,089150,08915
케이엠더블유,032500,03250
케이옥션,102370,10237
케이피에스,256940,25694
코리아에스이,101670,10167
코맥스,036690,03669
코아스템,166480,16648
쿠콘,294570,29457
큐렉소,060280,06028
큐로컴,040350,04035
큐리언트,115180,11518
큐캐피탈,016600,01660
키이스트,054780,05478
티씨케이,064760,06476
티앤엘,340570,34057
티에스아이,277880,27788
티에스이,131290,13129
티움바이오,321550,32155
파세코,037070,03707
파인테크닉스,106240,10624
팜스빌,318010,31801
팬스타엔터프라이즈,054300,05430
포메탈,119500,11950
푸른저축은행,007330,00733
플레이위드,023770,02377
피피아이,062970,06297
핌스,347770,34777
하나머스트7호스팩,372290,37229
한국파마,032300,03230
한송네오텍,226440,22644
한창산업,079170,07917
핸디소프트,220180,22018
헝셩그룹,900270,HKG16
현대공업,170030,17003
화신정공,126640,12664
휴마시스,205470,20547
휴맥스,115160,11516
휴맥스홀딩스,028080,02808
휴비츠,065510,06551
흥국,010240,01024
데이드림엔터,348840,34884
라이프사이언스테크놀로지,285770,28577
렌딩머신,179720,17972
로보쓰리,238500,23850
메디쎄이,200580,20058
명진홀딩스,267060,26706
미래엔에듀파트너,208890,20889
바이오인프라생명과학,266470,26647
베른,322190,32219
셀젠텍,258250,25825
수프로,185190,18519
스템랩,258540,25854
에스엠비나,299670,29967
에이원알폼,234070,23407
이노진,344860,34486
이성씨엔아이,379390,37939
제노텍,066830,06683
파워풀엑스,266870,26687
DB하이텍,000990,00099
DL이앤씨,375500,37550
HDC현대EP,089470,08947
HSD엔진,082740,08274
JW중외제약,001060,00106
LF,093050,09305
POSCO홀딩스,005490,00549
SG세계물산,004060,00406
SK아이이테크놀로지,361610,36161
SUN&L,002820,00282
TCC스틸,002710,00271
TYM,002900,00290
가온전선,000500,00050
경보제약,214390,21439
고려산업,002140,00214
광전자,017900,01790
남광토건,001260,00126
남성,004270,00427
넥센,005720,00572
다우기술,023590,02359
대교,019680,01968
대우부품,009320,00932
대한제분,001130,00113
대호에이엘,069460,06946
동남합성,023450,02345
동양피스톤,092780,09278
동원산업,006040,00604
디와이파워,210540,21054
롯데렌탈,089860,08986
롯데리츠,330590,33059
명신산업,009900,00990
무림P&P,009580,00958
미래에셋맵스리츠,357250,35725
미원상사,002840,00284
방림,003610,00361
사조오양,006090,00609
삼성화재해상보험,000810,00081
삼아알미늄,006110,00611
삼양통상,002170,00217
삼영전자공업,005680,00568
삼진제약,005500,00550
삼화전자공업,011230,01123
새론오토모티브,075180,07518
센트랄모텍,308170,30817
솔루엠,248070,24807
스틱인베스트먼트,026890,02689
신세계I&C,035510,03551
쌍방울,102280,10228
아남전자,008700,00870
알루코,001780,00178
에쓰씨엔지니어링,023960,02396
에이엔피,015260,01526
영흥,012160,01216
오리엔트바이오,002630,00263
오리온홀딩스,001800,00180
와이투솔루션,011690,01169
원림,005820,00582
유니퀘스트,077500,07750
이엔플러스,074610,07461
이지스밸류플러스리츠,334890,33489
일동제약,249420,24942
일신석재,007110,00711
일양약품,007570,00757
일진머티리얼즈,020150,02015
주연테크,044380,04438
지누스,013890,01389
케이비아이동국실업,001620,00162
케이티스카이라이프,053210,05321
코웨이,021240,02124
태경비케이,014580,01458
티웨이홀딩스,004870,00487
파미셀,005690,00569
풀무원,017810,01781
풍산홀딩스,005810,00581
프레스티지바이오파마,950210,SGP07
하이트진로홀딩스,000140,00014
한국단자공업,025540,02554
한국카본,017960,01796
한국콜마홀딩스,024720,02472
한농화성,011500,01150
한라홀딩스,060980,06098
한미약품,128940,12894
한전KPS,051600,05160
한화투자증권,003530,00353
현대약품,004310,00431
현대오토에버,307950,30795
현대해상,001450,00145
현대홈쇼핑,057050,05705
화성산업,002460,00246
CMG제약,058820,05882
CSA 코스믹,083660,08366
HB테크놀러지,078150,07815
IBKS제16호스팩,388790,38879
KD,044180,04418
KG이니시스,035600,03560
KNN,058400,05840
NE능률,053290,05329
NHN한국사이버결제,060250,06025
SBI인베스트먼트,019550,01955
SBW생명과학,151910,15191
SG,255220,25522
SK6호스팩,340350,34035
SM C&C,048550,04855
THQ,192410,19241
구영테크,053270,05327
금강철강,053260,05326
나라엠앤디,051490,05149
나우IB,293580,29358
네오펙트,290660,29066
네패스아크,330860,33086
노을,376930,37693
녹십자엠에스,142280,14228
다올인베스트먼트,298870,29887
다원시스,068240,06824
대동금속,020400,02040
대동기어,008830,00883
대륙제관,004780,00478
대모,317850,31785
대보마그네틱,290670,29067
대성창투,027830,02783
대정화금,120240,12024
대창스틸,140520,14052
동성화인텍,033500,03350
동양에스텍,060380,06038
동양이엔피,079960,07996
동우팜투테이블,088910,08891
디와이피엔에프,104460,10446
디젠스,113810,11381
러셀,217500,21750
레이,228670,22867
매일유업,267980,26798
메가스터디,072870,07287
모다이노칩,080420,08042
모바일어플라이언스,087260,08726
미투온,201490,20149
미투젠,950190,HKG39
바디텍메드,206640,20664
바이오솔루션,086820,08682
부방,014470,01447
뷰노,338220,33822
브이원텍,251630,25163
비나텍,126340,12634
비덴트,121800,12180
비엘팜텍,065170,06517
비투엔,307870,30787
삼강엠앤티,100090,10009
삼영에스앤씨,361670,36167
상신전자,263810,26381
서플러스글로벌,140070,14007
서한,011370,01137
선광,003100,00310
성광벤드,014620,01462
성우전자,081580,08158
세코닉스,053450,05345
센코,347000,34700
소프트센,032680,03268
솔본,035610,03561
스코넥,276040,27604
스킨앤스킨,159910,15991
신진에스엠,138070,13807
신흥에스이씨,243840,24384
심텍홀딩스,036710,03671
쎌바이오텍,049960,04996
씨에스베어링,297090,29709
씨유메디칼,115480,11548
아미노로직스,074430,07443
아바텍,149950,14995
아이디스,143160,14316
아이앤씨,052860,05286
아이에이,038880,03888
아이티엠반도체,084850,08485
아진엑스텍,059120,05912
아톤,158430,15843
아프리카TV,067160,06716
안트로젠,065660,06566
알엔투테크놀로지,148250,14825
압타머사이언스,291650,29165
애머릿지,900100,USA04
액토즈소프트,052790,05279
앤씨앤,092600,09260
에스디시스템,121890,12189
에스앤에스텍,101490,10149
에스엠,041510,04151
에스티아이,039440,03944
에스티큐브,052020,05202
에이치케이,044780,04478
엑사이엔씨,054940,05494
엔비티,236810,23681
엔에스엔,031860,03186
엔에이치스팩21호,391710,39171
엔에이치스팩22호,396770,39677
엘앤케이바이오,156100,15610
엠투엔,033310,03331
오로스테크놀로지,322310,32231
오리콤,010470,01047
오비고,352910,35291
오성첨단소재,052420,05242
우리기술,032820,03282
우리기술투자,041190,04119
우리엔터프라이즈,037400,03740
우리이앤엘,153490,15349
원방테크,053080,05308
원티드랩,376980,37698
월덱스,101160,10116
웰크론한텍,076080,07608
웹스,196700,19670
윙입푸드,900340,HKG32
유니셈,036200,03620
유진기업,023410,02341
유진로봇,056080,05608
이노인스트루먼트,215790,21579
이녹스첨단소재,272290,27229
이라이콤,041520,04152
이베스트투자증권,078020,07802
이엔에프테크놀로지,102710,10271
이엠텍,091120,09112
이원컴포텍,088290,08829
이크레더블,092130,09213
인베니아,079950,07995
인크로스,216050,21605
인탑스,049070,04907
일야,058450,05845
일진파워,094820,09482
제노포커스,187420,18742
제닉,123330,12333
제룡산업,147830,14783
제이브이엠,054950,05495
제이씨케미칼,137950,13795
제이앤티씨,204270,20427
제이엔케이히터,126880,12688
젠큐릭스,229000,22900
중앙에너비스,000440,00044
지놈앤컴퍼니,314130,31413
지앤비에스엔지니어링,382800,38280
지엘팜텍,204840,20484
진매트릭스,109820,10982
창해에탄올,004650,00465
컬러레이,900310,HKG24
케이엔제이,272110,27211
케이엠,083550,08355
케이프,064820,06482
코디,080530,08053
코리아에프티,123410,12341
코오롱티슈진,950160,USA12
콜마비앤에이치,200130,20013
큐라클,365270,36527
크레버스,096240,09624
클라우드에어,036170,03617
키움제6호스팩,413600,41360
키움제6호스팩,413600,41360
타이거일렉,219130,21913
탑코미디어,134580,13458
테스,095610,09561
톱텍,108230,10823
툴젠,199800,19980
티사이언티픽,057680,05768
티피씨글로벌,130740,13074
파워로직스,047310,04731
팬젠,222110,22211
폴라리스세원,234100,23410
프리엠스,053160,05316
플랜티넷,075130,07513
피앤씨테크,237750,23775
하나금융20호스팩,400560,40056
하림지주,003380,00338
하이제6호스팩,377400,37740
한국가구,004590,00459
한국비엔씨,256840,25684
한국정밀기계,101680,10168
한양이엔지,045100,04510
한일진공,123840,12384
헬릭스미스,084990,08499
휴온스,243070,24307
HLB사이언스,343090,34309
나우코스,257990,25799
노브메타파마,229500,22950
대동고려삼,178600,17860
더콘텐츠온,302920,30292
루트락,253610,25361
볼빅,206950,20695
비플라이소프트,148780,14878
뿌리깊은나무들,266170,26617
시큐센,232830,23283
씨엔티드림,286000,28600
엔솔바이오사이언스,140610,14061
인바이츠바이오코아,216400,21640
질경이,233990,23399
켈스,402420,40242
크로넥스,215570,21557
틸론,217880,21788
판도라티비,202960,20296
피노텍,150440,15044
BYC,001460,00146
CJ씨푸드,011150,01115
DB손해보험,005830,00583
GKL,114090,11409
GS글로벌,001250,00125
HDC랩스,039570,03957
HDC현대산업개발,294870,29487
JB금융지주,175330,17533
KC코트렐,119650,11965
KH 필룩스,033180,03318
LG,003550,00355
강남제비스코,000860,00086
계양전기,012200,01220
광명전기,017040,01704
그린케미칼,083420,08342
금호에이치티,214330,21433
깨끗한나라,004540,00454
넷마블,251270,25127
노루홀딩스,000320,00032
대동,000490,00049
대상홀딩스,084690,08469
대웅,003090,00309
대유플러스,000300,00030
대창단조,015230,01523
대현,016090,01609
동아쏘시오홀딩스,000640,00064
동일고무벨트,163560,16356
동일산업,004890,00489
두올,016740,01674
드림텍,192650,19265
롯데손해보험,000400,00040
롯데쇼핑,023530,02353
롯데제과,280360,28036
롯데지주,004990,00499
무림페이퍼,009200,00920
미래산업,025560,02556
미래에셋증권,006800,00680
미원홀딩스,107590,10759
보해양조,000890,00089
사조동아원,008040,00804
삼성SDI,006400,00640
삼성물산,028260,02826
삼성전기,009150,00915
삼화콘덴서공업,001820,00182
상신브레이크,041650,04165
서울도시가스,017390,01739
성신양회,004980,00498
성안,011300,01130
신흥,004080,00408
아모레퍼시픽그룹,002790,00279
아센디오,012170,01217
아시아나항공,020560,02056
에스원,012750,01275
에스케이바이오팜,326030,32603
에이리츠,140910,14091
에이프로젠제약,003060,00306
에이플러스에셋,244920,24492
엔에이치스팩19호,380440,38044
우리종금,010050,01005
우진아이엔에스,010400,01040
웅진씽크빅,095720,09572
유수홀딩스,000700,00070
유유제약,000220,00022
율촌화학,008730,00873
이지스레지던스리츠,350520,35052
이화산업,000760,00076
인팩,023810,02381
일신방직,003200,00320
일정실업,008500,00850
일진디스플,020760,02076
잇츠한불,226320,22632
전방,000950,00095
제주항공,089590,08959
조일알미늄,018470,01847
종근당,185750,18575
진양산업,003780,00378
진양홀딩스,100250,10025
진원생명과학,011000,01100
진흥기업,002780,00278
천일고속,000650,00065
체시스,033250,03325
초록뱀헬스케어,118000,11800
카프로,006380,00638
케이티앤지,033780,03378
태경산업,015890,01589
테이팩스,055490,05549
팜젠사이언스,004720,00472
평화홀딩스,010770,01077
포스코스틸리온,058430,05843
풍산,103140,10314
하나금융지주,086790,08679
하이브,352820,35282
한국가스공사,036460,03646
한국내화,010040,01004
한국석유공업,004090,00409
한국쉘석유,002960,00296
한국특강,007280,00728
한성기업,003680,00368
한세예스24홀딩스,016450,01645
한솔피엔에스,010420,01042
한익스프레스,014130,01413
한일홀딩스,003300,00330
현대그린푸드,005440,00544
현대로템,064350,06435
현대리바트,079430,07943
현대미포조선,010620,01062
현대위아,011210,01121
현대코퍼레이션,011760,01176
현대코퍼레이션홀딩스,227840,22784
화신,010690,01069
흥아해운,003280,00328
AP시스템,265520,26552
AP위성,211270,21127
BNGT,032790,03279
KH 건설,226360,22636
S&K폴리텍,091340,09134
SFA반도체,036540,03654
SGA,049470,04947
SGC이테크건설,016250,01625
SM Life Design,063440,06344
THE E&M,089230,08923
THE MIDONG,161570,16157
TKG애강,022220,02222
골프존뉴딘홀딩스,121440,12144
교보10호기업인수목적,355150,35515
금화피에스시,036190,03619
나노신소재,121600,12160
나스미디어,089600,08960
네오크레마,311390,31139
네온테크,306620,30662
노랑풍선,104620,10462
노터스,278650,27865
녹십자웰빙,234690,23469
누리플랜,069140,06914
다믈멀티미디어,093640,09364
대동스틸,048470,04847
대명에너지,389260,38926
대명에너지,389260,38926
대신밸런스제10호스팩,387310,38731
대아티아이,045390,04539
대주전자재료,078600,07860
대한그린파워,060900,06090
데이타솔루션,263800,26380
덱스터,206560,20656
덴티스,261200,26120
동국알앤에스,075970,07597
동일금속,109860,10986
동일철강,023790,02379
동화기업,025900,02590
드래곤플라이,030350,03035
드림씨아이에스,223250,22325
디어유,376300,37630
디에스앤엘,141020,14102
디에이테크놀로지,196490,19649
디지캡,197140,19714
디티앤씨,187220,18722
라닉스,317120,31712
라온테크,232680,23268
라이온켐텍,171120,17112
라이프시맨틱스,347700,34770
로보티즈,108490,10849
로체시스템즈,071280,07128
루트로닉,085370,08537
리노공업,058470,05847
리파인,377450,37745
마니커에프앤지,195500,19550
마이크로디지탈,305090,30509
매커스,093520,09352
맥스트,377030,37703
메디아나,041920,04192
메카로,241770,24177
명성티엔에스,257370,25737
모바일리더,100030,10003
미래생명자원,218150,21815
바른손,018700,01870
백금T&A,046310,04631
보성파워텍,006910,00691
브이티지엠피,018290,01829
블루베리 NFT,044480,04448
비디아이,148140,14814
비비씨,318410,31841
비씨월드제약,200780,20078
비아트론,141000,14100
빅솔론,093190,09319
빛샘전자,072950,07295
삼영이엔씨,065570,06557
서남,294630,29463
서희건설,035890,03589
세동,053060,05306
세림B&G,340440,34044
세원물산,024830,02483
세진티에스,067770,06777
셀트리온제약,068760,06876
솔브레인홀딩스,036830,03683
솔트룩스,304100,30410
쇼박스,086980,08698
슈프리마아이디,317770,31777
승일,049830,04983
신신제약,002800,00280
신영스팩5호,323280,32328
신원종합개발,017000,01700
썸에이지,208640,20864
쏠리드,050890,05089
아난티,025980,02598
아바코,083930,08393
아스트,067390,06739
아이진,185490,18549
아이큐어,175250,17525
아이텍,119830,11983
아이패밀리에스씨,114840,11484
알로이스,297570,29757
알리코제약,260660,26066
앱코,129890,12989
야스,255440,25544
양지사,030960,03096
에스넷,038680,03868
에스씨디,042110,04211
에스에스알,275630,27563
에스와이,109610,10961
에스케이증권7호스팩,408920,40892
에스텍,069510,06951
에스폴리텍,050760,05076
에스퓨얼셀,288620,28862
에스피시스템스,317830,31783
에이에프더블류,312610,31261
에이치시티,072990,07299
에이치피오,357230,35723
에이트원,230980,23098
에코프로에이치엔,383310,38331
에코플라스틱,038110,03811
엔젠바이오,354200,35420
엔피,291230,29123
엔피케이,048830,04883
엘앤에프,066970,06697
엘티씨,170920,17092
영우디에스피,143540,14354
예선테크,250930,25093
오로라,039830,03983
오리엔트정공,065500,06550
오상자이엘,053980,05398
오스코텍,039200,03920
오파스넷,173130,17313
올릭스,226950,22695
옴니시스템,057540,05754
와이엠텍,273640,27364
우리산업,215360,21536
우리손에프앤지,073560,07356
우정바이오,215380,21538
우진비앤지,018620,01862
원바이오젠,307280,30728
원익,032940,03294
원익머트리얼즈,104830,10483
원익큐브,014190,01419
원익피앤이,131390,13139
원풍물산,008290,00829
위니아,071460,07146
위즈코프,038620,03862
윈팩,097800,09780
유비케어,032620,03262
유비쿼스홀딩스,078070,07807
이노메트리,302430,30243
이노테라피,246960,24696
이루다,164060,16406
이브이첨단소재,131400,13140
이씨에스,067010,06701
이오테크닉스,039030,03903
이지트로닉스,377330,37733
이지홀딩스,035810,03581
인바이오,352940,35294
인터로조,119610,11961
인터플렉스,051370,05137
자연과환경,043910,04391
제넥신,095700,09570
제이스코홀딩스,023440,02344
제이스텍,090470,09047
제테마,216080,21608
지노믹트리,228760,22876
지씨셀,144510,14451
지어소프트,051160,05116
지에스이,053050,05305
진양제약,007370,00737
차바이오텍,085660,08566
참존글로벌,158310,15831
카이노스메드,284620,28462
케이엘넷,039420,03942
케이엠제약,225430,22543
케이티알파,036030,03603
케일럼,258610,25861
켐트로닉스,089010,08901
코렌텍,104540,10454
코리아나,027050,02705
코미코,183300,18330
코콤,015710,01571
퀀타매트릭스,317690,31769
큐에스아이,066310,06631
크리스에프앤씨,110790,11079
크리스탈지노믹스,083790,08379
텔레칩스,054450,05445
텔레필드,091440,09144
티라유텍,322180,32218
티플랙스,081150,08115
파워넷,037030,03703
파이오링크,170790,17079
파인디앤씨,049120,04912
포스코엠텍,009520,00952
푸른기술,094940,09494
프럼파스트,035200,03520
프레스티지바이오로직스,334970,33497
플리토,300080,30008
하나기술,299030,29903
하이록코리아,013030,01303
하이비젼시스템,126700,12670
하인크코리아,373200,37320
하츠,066130,06613
한국기업평가,034950,03495
한국전자금융,063570,06357
한국정보공학,039740,03974
한국팩키지,037230,03723
한네트,052600,05260
한라IMS,092460,09246
한스바이오메드,042520,04252
한컴위드,054920,05492
현대사료,016790,01679
홈센타홀딩스,060560,06056
힘스,238490,23849
나라소프트,288490,28849
듀켐바이오,176750,17675
바이오프로테크,199290,19929
엄지하우스,224810,22481
에스케이씨에스,224020,22402
에이펙스인텍,207490,20749
오션스톤,329020,32902
원텍,216280,21628
원포유,122830,12283
위월드,140660,14066
이엠티,232530,23253
지앤이헬스케어,299480,29948
코스텍시스템,169670,16967
타임기술,318660,31866
플럼라인생명과학,222670,22267
한국미라클피플사,331660,33166
휴벡셀,212310,21231
